date,supertrend strategy,golden cross strategy,rsi strategy backtest,bollinger bands strategy,volatility breakout strategy
2021-09-05,0,0,0,19,0
2021-09-12,0,0,0,13,0
2021-09-19,0,0,0,12,0
2021-09-26,0,0,0,0,0
2021-10-03,20,0,0,17,0
2021-10-10,0,0,0,0,0
2021-10-17,0,0,0,15,0
2021-10-24,0,0,0,19,0
2021-10-31,0,0,0,0,0
2021-11-07,0,0,0,0,0
2021-11-14,0,0,0,12,0
2021-11-21,0,0,0,14,0
2021-11-28,0,0,0,15,0
2021-12-05,0,0,0,13,0
2021-12-12,0,0,0,17,0
2021-12-19,0,0,0,0,0
2021-12-26,0,0,0,0,0
2022-01-02,0,0,0,25,0
2022-01-09,13,0,0,16,0
2022-01-16,12,0,0,22,0
2022-01-23,14,0,0,12,0
2022-01-30,16,0,0,13,0
2022-02-06,15,0,0,19,0
2022-02-13,17,0,0,18,0
2022-02-20,15,0,0,18,0
2022-02-27,9,0,0,10,0
2022-03-06,15,0,0,20,0
2022-03-13,11,0,0,19,0
2022-03-20,0,0,0,17,0
2022-03-27,10,0,0,14,0
2022-04-03,0,0,0,22,0
2022-04-10,10,0,0,18,0
2022-04-17,9,0,0,18,0
2022-04-24,8,0,0,21,0
2022-05-01,12,0,0,18,0
2022-05-08,14,0,0,16,0
2022-05-15,12,0,0,13,0
2022-05-22,15,0,0,15,0
2022-05-29,0,0,0,18,0
2022-06-05,11,0,0,17,0
2022-06-12,10,0,0,16,0
2022-06-19,12,0,0,19,0
2022-06-26,0,0,0,21,0
2022-07-03,17,0,0,24,0
2022-07-10,13,0,0,16,0
2022-07-17,0,0,0,17,0
2022-07-24,0,0,0,24,0
2022-07-31,18,0,0,18,0
2022-08-07,0,0,0,20,0
2022-08-14,13,0,0,22,0
2022-08-21,0,0,0,17,0
2022-08-28,11,0,0,16,0
2022-09-04,0,0,0,0,0
2022-09-11,0,0,0,15,0
2022-09-18,12,0,0,20,0
2022-09-25,10,0,0,16,0
2022-10-02,0,0,0,17,0
2022-10-09,11,0,0,17,0
2022-10-16,12,0,0,10,0
2022-10-23,12,0,0,12,0
2022-10-30,17,0,0,22,0
2022-11-06,10,0,0,15,0
2022-11-13,14,0,0,16,0
2022-11-20,0,0,0,18,0
2022-11-27,0,0,0,15,0
2022-12-04,11,0,0,13,0
2022-12-11,0,0,0,16,0
2022-12-18,12,0,0,15,0
2022-12-25,0,0,0,16,0
2023-01-01,22,0,0,20,0
2023-01-08,0,0,0,14,0
2023-01-15,15,0,0,17,0
2023-01-22,18,0,0,13,0
2023-01-29,0,0,0,20,0
2023-02-05,12,0,0,23,0
2023-02-12,11,0,0,16,0
2023-02-19,9,0,0,15,0
2023-02-26,12,0,0,17,0
2023-03-05,0,0,0,15,0
2023-03-12,9,0,0,24,0
2023-03-19,15,0,0,17,0
2023-03-26,0,0,0,20,0
2023-04-02,13,0,0,13,0
2023-04-09,0,0,0,14,0
2023-04-16,13,0,0,15,0
2023-04-23,0,0,0,19,0
2023-04-30,0,0,0,14,0
2023-05-07,16,0,0,14,0
2023-05-14,11,0,0,18,0
2023-05-21,11,9,0,22,0
2023-05-28,0,0,0,12,0
2023-06-04,0,0,0,12,0
2023-06-11,18,0,0,17,0
2023-06-18,22,0,0,14,0
2023-06-25,16,0,0,12,0
2023-07-02,0,0,0,20,0
2023-07-09,10,0,0,15,0
2023-07-16,18,0,0,23,0
2023-07-23,16,0,0,20,0
2023-07-30,0,0,0,17,0
2023-08-06,10,0,0,18,0
2023-08-13,18,0,0,21,0
2023-08-20,18,0,0,22,0
2023-08-27,0,0,0,19,0
2023-09-03,11,0,0,16,0
2023-09-10,15,0,0,12,0
2023-09-17,10,0,0,14,0
2023-09-24,0,0,0,24,0
2023-10-01,14,0,0,18,0
2023-10-08,16,0,0,20,0
2023-10-15,14,0,0,20,0
2023-10-22,10,0,0,20,0
2023-10-29,10,0,0,29,0
2023-11-05,0,0,0,24,0
2023-11-12,0,0,0,11,0
2023-11-19,21,0,0,21,0
2023-11-26,10,0,0,16,0
2023-12-03,18,0,0,14,0
2023-12-10,13,0,0,23,0
2023-12-17,0,0,0,22,0
2023-12-24,0,0,0,15,0
2023-12-31,0,0,0,21,12
2024-01-07,0,0,0,17,0
2024-01-14,0,0,0,17,0
2024-01-21,0,0,0,19,0
2024-01-28,11,0,0,11,0
2024-02-04,13,0,0,23,0
2024-02-11,0,0,0,23,0
2024-02-18,14,0,0,16,0
2024-02-25,26,0,0,20,0
2024-03-03,11,0,0,25,0
2024-03-10,0,0,0,21,0
2024-03-17,13,0,0,13,0
2024-03-24,0,0,0,16,0
2024-03-31,0,0,0,15,0
2024-04-07,17,0,0,0,0
2024-04-14,13,0,0,14,0
2024-04-21,0,0,0,26,0
2024-04-28,12,0,0,20,0
2024-05-05,14,0,0,22,0
2024-05-12,0,0,0,0,0
2024-05-19,15,0,0,15,0
2024-05-26,0,0,0,12,0
2024-06-02,15,0,0,15,0
2024-06-09,0,0,0,15,0
2024-06-16,0,0,0,18,0
2024-06-23,0,0,0,17,0
2024-06-30,0,0,0,22,0
2024-07-07,0,0,0,21,0
2024-07-14,11,0,0,14,0
2024-07-21,0,0,0,16,0
2024-07-28,0,0,0,17,0
2024-08-04,14,0,0,16,0
2024-08-11,15,0,0,21,0
2024-08-18,0,0,0,26,0
2024-08-25,21,0,0,18,0
2024-09-01,16,0,0,18,0
2024-09-08,18,0,0,15,0
2024-09-15,21,0,0,16,0
2024-09-22,0,0,0,25,0
2024-09-29,0,0,0,16,0
2024-10-06,0,0,0,11,0
2024-10-13,18,0,0,21,0
2024-10-20,0,0,0,17,0
2024-10-27,0,0,0,16,0
2024-11-03,13,0,0,13,0
2024-11-10,0,0,0,17,0
2024-11-17,20,0,0,24,0
2024-11-24,17,0,0,14,0
2024-12-01,15,0,0,22,0
2024-12-08,0,0,0,0,0
2024-12-15,0,0,0,17,0
2024-12-22,0,0,0,18,0
2024-12-29,0,0,0,26,0
2025-01-05,0,0,0,13,0
2025-01-12,13,0,0,20,0
2025-01-19,13,0,0,18,0
2025-01-26,16,0,0,19,0
2025-02-02,0,0,0,34,0
2025-02-09,14,0,0,28,0
2025-02-16,0,0,0,32,0
2025-02-23,0,0,0,17,0
2025-03-02,15,0,0,17,0
2025-03-09,0,0,0,0,0
2025-03-16,0,0,0,24,0
2025-03-23,0,0,0,24,0
2025-03-30,0,0,0,15,0
2025-04-06,0,0,0,23,0
2025-04-13,0,0,0,13,0
2025-04-20,0,0,0,22,0
2025-04-27,0,0,0,14,0
2025-05-04,0,0,0,0,0
2025-05-11,0,0,16,21,0
2025-05-18,0,0,0,20,13
2025-05-25,0,0,0,0,0
2025-06-01,23,0,0,29,0
2025-06-08,0,0,0,38,0
2025-06-15,18,0,0,64,0
2025-06-22,15,0,0,48,0
2025-06-29,0,0,0,22,0
2025-07-06,17,0,0,52,0
2025-07-13,0,0,13,43,0
2025-07-20,31,0,18,50,0
2025-07-27,20,0,19,41,0
2025-08-03,42,21,65,75,17
2025-08-10,59,25,66,100,0
2025-08-17,41,0,39,75,0
2025-08-24,37,0,37,58,0
2025-08-31,40,12,31,68,0
2025-09-07,42,0,25,62,0
2025-09-14,27,0,15,46,0
2025-09-21,27,0,20,51,0
2025-09-28,0,0,0,52,0
2025-10-05,23,0,20,37,0
2025-10-12,19,0,0,37,0
2025-10-19,18,0,16,50,0
2025-10-26,30,0,0,37,0
2025-11-02,31,0,12,51,0
2025-11-09,28,0,16,52,0
2025-11-16,34,13,24,61,0
2025-11-23,27,0,22,69,15
2025-11-30,28,0,28,53,0
2025-12-07,32,12,18,37,0
2025-12-14,20,0,0,76,0
2025-12-21,19,0,0,36,0
2025-12-28,19,18,0,41,0
2026-01-04,29,0,11,38,0
2026-01-11,23,14,0,37,0
2026-01-18,11,14,0,55,16
2026-01-25,23,0,12,50,0
2026-02-01,13,12,10,44,15
2026-02-08,25,19,12,71,0
2026-02-15,25,21,13,44,16
2026-02-22,24,13,11,53,20
2026-03-01,41,0,20,62,14
2026-03-08,38,16,14,75,12
2026-03-15,23,0,17,70,12
2026-03-22,28,12,19,82,21
2026-03-29,34,12,13,84,17
2026-04-05,34,18,13,51,11
2026-04-12,34,13,31,62,18
2026-04-19,25,0,18,57,21
2026-04-26,35,13,26,52,22
2026-05-03,31,0,21,68,19
2026-05-10,31,19,14,63,25
2026-05-17,35,14,31,55,28
2026-05-24,30,20,27,51,24
2026-05-31,73,21,19,58,27
2026-06-07,30,21,16,60,25
2026-06-14,33,25,24,67,17
2026-06-21,31,12,39,63,27
2026-06-28,24,20,18,46,23
2026-07-05,34,12,18,48,20
2026-07-12,16,0,13,26,14
2026-07-19,13,16,19,39,15
2026-07-26,15,17,15,22,0
2026-08-02,0,0,12,23,0
2026-08-09,18,0,0,18,0
2026-08-16,13,0,0,20,0
2026-08-23,5,2,3,10,2
2026-08-30,8,2,5,14,4
2026-09-06,13,0,5,14,0
